symbol,side,entry,exit,qty,cash_return,remaining_pnl,total_pnl,total_pct,r,reason,phase,entry_time,cost,trade_type,big_trend,close_time,regime,grid_layer
BTC/USDT,long,17209.44,17322.355714487298,0.1708364711460687,2958.1141221999474,18.11412219994716,25.09349179245008,0.597225200216344,2.605403703840116,止损,1,2023-01-09 08:15:00,4201.68,trend,bullish,2023-01-09 17:45:00,range_bound,
BTC/USDT,long,17385.57,17304.281564147055,0.24214527717830528,4188.466122255205,-21.367544297623272,-21.367544297623272,-0.5073597293651246,-0.9999999999999942,止损,1,2023-01-09 18:00:00,4211.51760001945,trend,bullish,2023-01-09 19:45:00,range_bound,
BTC/USDT,long,17319.29,17319.29,0.16975906241677874,2938.930389551442,-1.1760425728497168,11.153724300351575,0.2654490711930019,0.0,止损,1,2023-01-10 16:15:00,4201.832106710202,trend,bullish,2023-01-11 15:45:00,range_bound,
BTC/USDT,long,17351.77,17462.740777830564,0.1696018152147013,2960.535377868174,17.643688680175746,33.12513319924465,0.7876036347468273,1.5387184365899103,止损,1,2023-01-11 16:00:00,4205.812636948104,trend,bullish,2023-01-11 18:30:00,trending_up,
BTC/USDT,long,17506.88,17998.18978613911,0.16862719528235712,3033.803409367187,81.66733682239501,95.95757005086281,2.27440199262433,5.000000000000005,止盈,1,2023-01-11 19:00:00,4219.024181391158,trend,bullish,2023-01-11 23:30:00,trending_up,
BTC/USDT,long,17943.26,17943.26,0.1660708053764789,2978.659698623847,-1.1919406557118235,29.787810994193055,0.6994687308928205,0.0,止损,1,2023-01-11 23:45:00,4258.633685621815,trend,bullish,2023-01-12 13:30:00,range_bound,
BTC/USDT,long,18133.97,18685.50481220014,0.16477961751543935,3077.795092580986,89.6864519445338,141.2937623696759,3.308651026919343,2.7293761114687394,止损,1,2023-01-12 16:15:00,4270.434120132438,trend,bullish,2023-01-12 18:15:00,range_bound,
BTC/USDT,long,18758.55,20638.596388949387,0.16148087163035046,3331.5268753127425,302.3798707912314,379.1603282622506,8.75844278751164,5.000000000000004,止盈,1,2023-01-12 18:30:00,4329.083804747599,trend,bullish,2023-01-14 00:30:00,trending_up,
BTC/USDT-layer5,long,20433.1364,20844.573,3.991891065942026e-06,0.08317663799021864,0.0016097833458838327,0.0016097833458838327,1.972786246355022,1.2845967150531994,网格止盈-5,1,2023-01-14 09:30:00,0.08159948138619254,grid,bullish,2023-01-14 12:30:00,range_bound,5.0
BTC/USDT-layer5,long,20436.8068,21258.0,3.990457327159353e-06,0.08479652097857802,0.0032443155397779222,0.0032443155397779222,3.976616346542129,6.076739014945956,网格止盈-5,1,2023-01-15 09:00:00,0.08158482632097562,grid,bullish,2023-01-16 01:15:00,range_bound,5.0
BTC/USDT,long,20983.06,20983.06,0.14964982439805502,3138.85519983612,-1.2560444977335414,29.6956081237524,0.6617158636791644,0.0,止损,1,2023-01-16 16:15:00,4487.667555473695,trend,bullish,2023-01-17 01:00:00,range_bound,
BTC/USDT,long,20992.49,21313.941814707166,0.1499733578262125,3195.2640967783773,46.949882345189714,88.50726438351089,1.9670944106965522,1.2830141521225629,止损,1,2023-01-17 01:15:00,4499.390771598516,trend,bullish,2023-01-18 15:30:00,range_bound,
BTC/USDT-layer5,long,20426.666,20836.485,3.994420428570479e-06,0.08319704426681916,0.0016043523088331286,0.0016043523088331286,1.9655079223628449,0.7653732973318944,网格止盈-5,1,2023-01-18 16:45:00,0.08162532903476923,grid,bullish,2023-01-18 17:00:00,range_bound,5.0
BTC/USDT,long,22825.85,22421.916104192118,0.1986348456041797,4451.960239829858,-82.04895070430685,-82.04895070430685,-1.808909969080712,-0.9999999999999961,止损,1,2023-01-21 11:15:00,4535.822794210379,trend,bullish,2023-01-22 20:45:00,range_bound,
BTC/USDT,long,23400.31,23796.492476214127,0.1345773129666249,3201.208355142449,52.05751275640643,72.20545963542533,1.6043566925996198,2.267916905880643,止损,1,2023-01-29 12:15:00,4500.586432461424,trend,bullish,2023-01-29 20:00:00,trending_up,
BTC/USDT,long,23800.59,23574.76200095913,0.19026240166899444,4483.579494111617,-44.77792042743493,-44.77792042743493,-0.9884382420247356,-0.9999999999999926,止损,1,2023-01-29 20:15:00,4530.168757504868,trend,bullish,2023-01-30 02:00:00,trending_up,
BTC/USDT,long,23631.44,23489.458031537328,0.19079624110565785,4479.896782056861,-28.893141857025224,-28.893141857025224,-0.6405618737780052,-0.9999999999999916,止损,1,2023-01-30 02:15:00,4510.593439883452,trend,bullish,2023-01-30 09:00:00,range_bound,
BTC/USDT,long,23292.58,23087.895650914914,0.19301843452407236,4454.591116063685,-41.306211563033095,-41.306211563033095,-0.918386090159116,-1.000000000000007,止损,1,2023-01-30 09:15:00,4497.695686557769,trend,bullish,2023-01-30 11:30:00,range_bound,
BTC/USDT-layer1,long,22500.0,22954.311,3.2921810699588475e-06,0.07554011851851852,0.0014660444444444492,0.0014660444444444492,1.978368652538991,2.1226443518791673,网格止盈-1,1,2023-01-30 22:45:00,0.0741037037037037,grid,bullish,2023-01-31 07:45:00,range_bound,1.0
BTC/USDT-layer2,long,22954.5962,23744.6,3.163051161342375e-06,0.07507634198074273,0.0024697798121874628,0.0024697798121874628,3.400233011360713,3.990349792469498,网格止盈-2,1,2023-01-30 23:00:00,0.0726356047934227,grid,bullish,2023-02-01 21:00:00,range_bound,2.0
BTC/USDT-layer2,long,23229.343,23698.456000000002,3.088672370424054e-06,0.07316806713694728,0.0014202372297438615,0.0014202372297438615,1.9786931031018244,1.5863346521008548,网格止盈-2,1,2023-02-02 22:00:00,0.07177652903916629,grid,bullish,2023-02-03 15:15:00,range_bound,2.0
BTC/USDT-layer3,long,23718.252,22999.7355,2.9626707623274575e-06,0.06811253615842132,-0.002156835575493427,-0.002156835575493427,-3.0681549201590235,-3.100780066656094,网格止损-3,1,2023-02-02 02:00:00,0.07029747948260831,grid,bullish,2023-02-05 16:15:00,range_bound,3.0
BTC/USDT-layer1,long,22760.23,23218.5636,3.217305527179861e-06,0.07467192235794558,0.0014453085790606952,0.0014453085790606952,1.9729584808448064,2.1310807337717095,网格止盈-1,1,2023-02-05 17:45:00,0.07325590442439643,grid,bullish,2023-02-07 17:45:00,range_bound,1.0
BTC/USDT-layer1,long,22760.23,23216.1026,3.217305982759399e-06,0.07466401514167684,0.0014373909936968865,0.0014373909936968865,1.9621500839454538,1.4032552894619628,网格止盈-1,1,2023-02-07 18:30:00,0.07325591479763914,grid,bullish,2023-02-07 20:30:00,range_bound,1.0
BTC/USDT-layer2,long,23229.4452,22525.6224,3.088645622508715e-06,0.06954496601035214,-0.002202558219933935,-0.002202558219933935,-3.068646023028899,-3.452129411845539,网格止损-2,1,2023-02-03 18:15:00,0.07177622323997819,grid,bullish,2023-02-09 03:00:00,range_bound,2.0
BTC/USDT-layer1,long,22760.23,22071.9454,3.217306435791588e-06,0.0709829213320769,-0.0022437131270198747,-0.0022437131270198747,-3.06284184325367,-4.440023497725242,网格止损-1,1,2023-02-08 15:15:00,0.07325592511288041,grid,bullish,2023-02-09 19:30:00,trending_down,1.0
BTC/USDT,short,22553.65,22021.039498246395,0.13897774354099857,3207.2226091791526,72.76722356570993,99.24537484441505,2.2155040111882416,3.247110271211916,止损,1,2023-02-09 16:15:00,4479.584525382411,trend,bullish,2023-02-09 20:30:00,trending_down,
BTC/USDT,short,21994.21,21994.21,0.14381543766804616,3161.841694537992,-1.2652427749251671,37.83256485660424,0.8369052024369588,0.0,止损,1,2023-02-09 20:45:00,4520.5316858397755,trend,bullish,2023-02-14 14:45:00,range_bound,
BTC/USDT,long,22117.93,22454.48944621838,0.14348984328168551,3220.7216922843704,47.02338286908008,55.08748098571043,1.2145394616841756,5.000000000000015,止盈,1,2023-02-15 08:15:00,4535.668269627223,trend,bearish,2023-02-15 11:30:00,trending_up,
BTC/USDT,long,22444.28,22680.663513862935,0.14210127691817728,3221.675502332433,32.3146548233253,50.26462146043329,1.1027653576154524,1.6751088577109912,止损,1,2023-02-15 11:45:00,4558.05227406873,trend,bearish,2023-02-15 13:00:00,range_bound,
BTC/USDT,long,22768.16,23870.21593067677,0.14070539005330662,3357.3866020490905,153.78376845299658,182.66029761765677,3.989604533946873,5.000000000000005,止盈,1,2023-02-15 13:15:00,4578.4061067564735,trend,bearish,2023-02-15 20:30:00,trending_up,
BTC/USDT,long,24511.98,24375.141644839798,0.18980612487792503,4624.6901693828195,-27.83376750238122,-27.83376750238122,-0.5980117206152256,-1.0000000000000075,止损,1,2023-02-16 12:15:00,4654.384946459955,trend,bullish,2023-02-16 13:45:00,trending_up,
BTC/USDT,long,24440.4,24916.228490791058,0.13289620838279906,3309.9730790290596,61.936587670097445,98.43504134608543,2.1205727932626033,2.2811808061545777,止损,1,2023-02-16 14:00:00,4641.908151365008,trend,bullish,2023-02-16 16:00:00,range_bound,
BTC/USDT,long,24836.54,24383.427862606546,0.1884568188290411,4593.351001006587,-87.26431811364598,-87.26431811364598,-1.863631603878619,-1.0000000000000022,止损,1,2023-02-16 16:15:00,4682.487565247881,trend,bullish,2023-02-16 21:30:00,range_bound,
BTC/USDT-layer4,long,23500.8432,23971.1976,3.017718586315842e-06,0.0723099609612422,0.0013910296425079427,0.0013910296425079427,1.9606520110651726,1.033022232898596,网格止盈-4,1,2023-02-17 00:00:00,0.07094729889126176,grid,bullish,2023-02-17 14:30:00,range_bound,4.0
BTC/USDT-layer5,long,24018.9296,24905.0,2.8889587694106823e-06,0.07192176227325313,0.0025320649734753213,0.0025320649734753213,3.647591286527264,2.5509790969163055,网格止盈-5,1,2023-02-16 22:45:00,0.06941745317869773,grid,bullish,2023-02-17 20:00:00,range_bound,5.0
BTC/USDT-layer5,long,24023.2176,24905.0,2.887928252231596e-06,0.07189610219030128,0.0025187733737539633,0.0025187733737539633,3.6290908142409597,2.018028950718249,网格止盈-5,1,2023-02-17 22:15:00,0.06940507974807393,grid,bullish,2023-02-19 15:15:00,trending_up,5.0
BTC/USDT,long,24681.22,25096.343385304626,0.1316881650703337,3303.5913205563743,53.36674705915233,73.39694092699116,1.5801159138780558,4.999999999999979,止盈,1,2023-02-19 12:15:00,4645.035233323744,trend,bullish,2023-02-19 16:00:00,range_bound,
BTC/USDT,long,25070.41,24810.373466565274,0.1864039967208588,4622.883484455543,-50.34113897504242,-50.34113897504242,-1.0767941758783628,-1.0000000000000042,止损,1,2023-02-19 16:15:00,4675.093913279958,trend,bullish,2023-02-19 16:45:00,range_bound,
BTC/USDT-layer5,long,24031.5208,24905.0,2.8859329641656567e-06,0.07184641912932338,0.0024930610735707497,0.0024930610735707497,3.5932856284597645,3.933104964649526,网格止盈-5,1,2023-02-20 00:00:00,0.06938109939897492,grid,bullish,2023-02-20 09:45:00,range_bound,5.0
BTC/USDT,long,24817.89,24817.89,0.13119194944965235,3254.6050073789015,-1.302362948130813,13.620506371870535,0.29271539879387715,0.0,止损,1,2023-02-21 00:15:00,4653.156761821661,trend,bullish,2023-02-21 08:30:00,range_bound,
BTC/USDT,long,24689.66,24429.324083405423,0.1885905046173839,4605.276062175745,-50.95937605589304,-50.95937605589304,-1.0939953774128002,-0.9999999999999996,止损,1,2023-02-21 08:45:00,4658.09793240693,trend,bullish,2023-02-21 15:15:00,range_bound,
BTC/USDT-layer4,long,23514.5232,23989.4376,3.0142091360229944e-06,0.07228083090571008,0.0014031402470454173,0.0014031402470454173,1.9788726217306731,1.8223601957306161,网格止盈-4,1,2023-02-22 15:45:00,0.07090604173492812,grid,bullish,2023-02-22 22:30:00,range_bound,4.0
BTC/USDT-layer4,long,23514.6198,23989.5664,3.0141847852234473e-06,0.07228063508329503,0.001403225851821015,0.001403225851821015,1.9790012094344172,1.673884687385409,网格止盈-4,1,2023-02-23 12:15:00,0.07090576019516662,grid,bullish,2023-02-23 12:45:00,range_bound,4.0
BTC/USDT-layer5,long,24027.791999999998,23301.0375,2.8868287519954673e-06,0.06723835935800755,-0.002125761434559114,-0.002125761434559114,-3.0634158491328263,-2.7217372582653057,网格止损-5,1,2023-02-21 21:30:00,0.06939186644088369,grid,bullish,2023-02-24 16:00:00,range_bound,5.0
BTC/USDT-layer4,long,23513.4996,22801.6398,3.0144724023733316e-06,0.06870656158770641,-0.002174234039709961,-0.002174234039709961,-3.0662250255438455,-3.838725897082581,网格止损-4,1,2023-02-24 14:15:00,0.07090914794566733,grid,bullish,2023-02-25 20:45:00,range_bound,4.0
BTC/USDT-layer3,long,23013.5516,23475.4374,3.1468671002886337e-06,0.07384511338358901,0.001424524992754162,0.001424524992754162,1.9662301042145829,1.3386348730655226,网格止盈-3,1,2023-02-24 16:15:00,0.07244955662619118,grid,bullish,2023-02-26 18:45:00,range_bound,3.0
BTC/USDT-layer5,short,23058.9152,23751.197,3.134474962298517e-06,0.07007874134626889,-0.002198851005895817,-0.002198851005895817,-3.041014158938183,-6.2416718358161,网格止损-5,1,2023-02-25 16:15:00,0.07230650338910556,grid,bearish,2023-02-27 13:30:00,range_bound,5.0
BTC/USDT-layer3,short,23955.318,23480.477,2.9043013903561583e-06,0.07092471536497248,0.0013512519911485802,0.0013512519911485802,1.9414179501292175,2.810332971921638,网格止盈-3,1,2023-02-27 13:45:00,0.06960129275917343,grid,bearish,2023-02-27 15:30:00,range_bound,3.0
BTC/USDT-layer4,short,23508.23,23042.64,3.015799958474639e-06,0.07227188691285534,0.0013757678550430827,0.0013757678550430827,1.939764526199927,4.710849659512091,网格止盈-4,1,2023-02-26 10:00:00,0.07092447750543539,grid,bearish,2023-02-28 21:30:00,range_bound,4.0
BTC/USDT-layer5,short,23048.6896,23744.806,3.137279000065092e-06,0.07009733442983333,-0.002212835431265348,-0.002212835431265348,-3.0589758746990965,-2.662509951344688,网格止损-5,1,2023-02-27 18:30:00,0.07233909392904313,grid,bearish,2023-03-01 04:45:00,range_bound,5.0
BTC/USDT-layer3,short,23953.2208,23477.3312,2.9048101025744477e-06,0.07093409486371889,0.0013545370946824943,0.0013545370946824943,1.9459673787786596,2.2089200670399904,网格止盈-3,1,2023-03-01 05:00:00,0.069607389592144,grid,bearish,2023-03-01 19:45:00,range_bound,3.0
BTC/USDT-layer4,short,23507.2406,23041.3208,3.0160762250026146e-06,0.07227651926881855,0.0013768897797423417,0.0013768897797423417,1.9412502631720836,3.247806440272313,网格止盈-4,1,2023-03-01 02:45:00,0.07092798934087183,grid,bearish,2023-03-03 01:15:00,range_bound,4.0
BTC/USDT-layer5,short,23044.6248,22579.531000000003,3.1383859902850733e-06,0.07375364231873494,0.0014307146950389654,0.0014307146950389654,1.9774401907856374,2.4897006653255036,网格止盈-5,1,2023-03-02 14:15:00,0.07235185679474544,grid,bearish,2023-03-03 01:30:00,range_bound,5.0
BTC/USDT-layer6,short,22649.344,22089.78,3.2489086003745247e-06,0.07537418654709535,0.001788538032654201,0.001788538032654201,2.4295809571372393,3.5414247366258986,网格止盈-6,1,2023-03-05 01:30:00,0.07361508277384693,grid,bearish,2023-03-07 15:00:00,range_bound,6.0
BTC/USDT,short,22124.9,21998.69846147466,0.1466146819607853,3261.040641277268,17.205464363088826,34.54286246789192,0.7451160208540551,1.3652568062338575,止损,1,2023-03-08 04:15:00,4635.903872835635,trend,bearish,2023-03-08 05:45:00,trending_down,
BTC/USDT,short,22024.25,22182.824851848985,0.21103010247924883,4612.456555398462,-35.323179130134534,-35.323179130134534,-0.7596972646018176,-0.9999999999999895,止损,1,2023-03-08 06:00:00,4649.638846422407,trend,bearish,2023-03-08 15:00:00,range_bound,
BTC/USDT,short,22101.08,21743.39735368392,0.14671293079835818,3293.693884257479,51.17966364850155,78.3575781463429,1.690921600424052,1.657909721835616,止损,1,2023-03-08 15:15:00,4634.016037567459,trend,bearish,2023-03-09 14:00:00,range_bound,
BTC/USDT,short,21603.29,20863.331471085396,0.15113469319695938,3375.534008798445,110.52740260350429,130.537982556224,2.797545695477095,5.000000000000006,止盈,1,2023-03-09 16:15:00,4666.16086976774,trend,bearish,2023-03-09 19:00:00,trending_down,
BTC/USDT,short,20905.66,20316.498252814697,0.1579876575031178,3394.5954017840972,91.75914982746738,149.6217503981635,3.169801345056612,2.211144784170561,止损,1,2023-03-09 19:15:00,4720.224837796303,trend,bearish,2023-03-09 21:00:00,range_bound,
BTC/USDT-layer4,short,20609.320200000002,20042.72,3.923931488754731e-06,0.08306051303672585,0.0021909525421168878,0.0021909525421168878,2.708159285295338,1.43043173130669,网格止盈-4,1,2023-03-09 22:15:00,0.0809019083188068,grid,bearish,2023-03-10 00:15:00,range_bound,4.0
BTC/USDT-layer4,short,20368.4158,19776.22,4.0172998216169895e-06,0.084172330828399,0.002346297668438337,0.002346297668438337,2.8662754798874,2.158643891494552,网格止盈-4,1,2023-03-10 13:45:00,0.08185876357322465,grid,bearish,2023-03-10 14:30:00,range_bound,4.0
BTC/USDT-layer3,short,20756.7692,20344.6888,3.868349293679793e-06,0.0818563866247842,0.0015619531508897246,0.0015619531508897246,1.9445041852740275,1.4364154487396084,网格止盈-3,1,2023-03-11 01:45:00,0.08032655124728404,grid,bearish,2023-03-11 03:00:00,range_bound,3.0
BTC/USDT-layer4,short,20368.5994,19776.22,4.017227399070052e-06,0.08417228822845034,0.002346992638088525,0.002346992638088525,2.867150310274352,2.782097470400385,网格止盈-4,1,2023-03-10 23:45:00,0.08185802570859796,grid,bearish,2023-03-11 08:00:00,range_bound,4.0
BTC/USDT-layer4,short,20369.035,20974.9825,4.017055580862285e-06,0.07935669151865525,-0.0024668542048739547,-0.0024668542048739547,-3.013640921969697,-1.980493071251666,网格止损-4,1,2023-03-11 08:45:00,0.08185627514181862,grid,bearish,2023-03-12 18:30:00,range_bound,4.0
BTC/USDT-layer3,short,20755.4556,21374.561400000002,3.868838960739866e-06,0.07787217482721714,-0.0024273404459693028,-0.0024273404459693028,-3.0216494953367548,-3.134398494733262,网格止损-3,1,2023-03-12 17:30:00,0.08033163507929572,grid,bearish,2023-03-12 22:15:00,range_bound,3.0
BTC/USDT-layer2,short,21157.2388,21792.7756,3.7232926792792577e-06,0.07637679298601538,-0.002397799351787693,-0.002397799351787693,-3.0426569588113996,-1.765881803375986,网格止损-2,1,2023-03-12 18:45:00,0.07880610217473819,grid,bearish,2023-03-12 22:15:00,range_bound,2.0
BTC/USDT-layer1,short,22600.0,22151.0796,3.2631087698224005e-06,0.07518163578889923,0.0014353775909129822,0.0014353775909129822,1.9455952132421324,0.8597432148529047,网格止盈-1,1,2023-03-13 01:00:00,0.07377575670126545,grid,bearish,2023-03-13 02:45:00,range_bound,1.0
BTC/USDT-layer1,short,22600.0,22151.6464,3.263084670363397e-06,0.07517923102385492,0.0014335174736421524,0.0014335174736421524,1.9430882514250873,1.558522641210127,网格止盈-1,1,2023-03-13 04:15:00,0.07377521183563285,grid,bearish,2023-03-13 09:00:00,range_bound,1.0
BTC/USDT-layer2,short,22154.0952,22822.9524,3.3957615728307073e-06,0.0729286535734577,-0.0023013715875355354,-0.0023013715875355354,-3.057889987474749,-1.4002919796721292,网格止损-2,1,2023-03-13 01:15:00,0.07526011717105763,grid,bearish,2023-03-13 14:00:00,trending_up,2.0
BTC/USDT,long,22109.91,23511.375734261797,0.15134707332971326,3557.039399267728,210.76922918436733,267.9295185123721,5.60252648951278,5.000000000000001,止盈,1,2023-03-13 12:15:00,4782.298111644849,trend,bearish,2023-03-13 14:15:00,trending_up,
BTC/USDT,long,23427.29,24251.03956801382,0.14617479337718636,3543.520906326336,119.0416311889117,205.7027618064629,4.2031020764445906,1.4309142993217694,止损,1,2023-03-13 14:30:00,4894.070095496399,trend,bearish,2023-03-14 05:15:00,range_bound,
BTC/USDT,long,24241.64,25659.659444456516,0.14373534854037517,3686.806341446451,202.42576685615052,237.45591997842567,4.768499862598097,4.9999999999999964,止盈,1,2023-03-14 08:15:00,4979.677609743052,trend,bullish,2023-03-14 12:45:00,trending_up,
BTC/USDT,long,26228.21,25497.12330154355,0.19355425971433193,4933.046192767232,-143.53557741480586,-143.53557741480586,-2.8262754868460407,-1.0000000000000013,止损,1,2023-03-14 13:00:00,5078.61240289011,trend,bullish,2023-03-14 18:00:00,range_bound,
BTC/USDT-layer4,long,25469.5996,24703.7998,2.5692372755852444e-06,0.06344374831688068,-0.0019936963696703474,-0.0019936963696703474,-3.045502799708103,-1.8198782153457354,网格止损-4,1,2023-03-14 18:30:00,0.06546361966442565,grid,bullish,2023-03-14 19:00:00,range_bound,4.0
BTC/USDT-layer2,long,24430.1274,24922.254800000002,2.7925052261584795e-06,0.06956823827327717,0.001346979833059701,0.001346979833059701,1.973638844169035,0.7295612847354718,网格止盈-2,1,2023-03-14 19:15:00,0.06824854694359356,grid,bullish,2023-03-14 19:45:00,range_bound,2.0
BTC/USDT-layer3,long,24937.6072,24187.9018,2.680007729318607e-06,0.06479703058798077,-0.0020359494587305796,-0.0020359494587305796,-3.0451064775898695,-1.2461399908784765,网格止损-3,1,2023-03-14 19:00:00,0.06685971323873002,grid,bullish,2023-03-14 21:00:00,range_bound,3.0
BTC/USDT-layer2,long,24431.3446,24924.6892,2.79222734940755e-06,0.06956811171229302,0.001350243137372561,0.001350243137372561,1.9785186553986474,0.7109284572130401,网格止盈-2,1,2023-03-14 20:45:00,0.06824515572235043,grid,bullish,2023-03-15 01:00:00,range_bound,2.0
BTC/USDT-layer2,long,24431.29,24924.58,2.7922396151458336e-06,0.06956811246055669,0.0013500966734404443,0.0013500966734404443,1.9782997718837836,2.2430643418146308,网格止盈-2,1,2023-03-15 09:30:00,0.0682453029934311,grid,bullish,2023-03-15 12:30:00,range_bound,2.0
BTC/USDT-layer2,long,24430.3356,24922.671199999997,2.7924581530954124e-06,0.06956822811342459,0.0013475382843474866,0.0013475382843474866,1.974473562094568,0.8950075596054091,网格止盈-2,1,2023-03-15 12:45:00,0.06824797810500872,grid,bullish,2023-03-15 13:00:00,range_bound,2.0
BTC/USDT-layer3,long,24926.8024,24185.2006,2.682330104030401e-06,0.06484594687640421,-0.0020159655983330283,-0.0020159655983330283,-3.01391249507052,-1.5220256319160768,网格止损-3,1,2023-03-15 01:00:00,0.06688865723972715,grid,bullish,2023-03-15 16:00:00,range_bound,3.0
BTC/USDT-layer1,long,23938.0,24421.4344,2.908504389163776e-06,0.0710019996308481,0.0013782215630456305,0.0013782215630456305,1.978735617458248,0.8830373528068007,网格止盈-1,1,2023-03-15 16:45:00,0.0696516275790296,grid,bullish,2023-03-15 18:15:00,range_bound,1.0
BTC/USDT-layer2,long,24428.1112,24918.2224,2.7929671020301125e-06,0.06956848463989129,0.0013415736935579658,0.0013415736935579658,1.9655547349950446,0.9020783942057302,网格止盈-2,1,2023-03-15 14:45:00,0.06825420171071186,grid,bullish,2023-03-16 10:30:00,range_bound,2.0
BTC/USDT-layer2,long,24431.0966,24924.1932,2.7922847362335537e-06,0.06956815680404588,0.0013495786784184134,0.0013495786784184134,1.977524451343712,1.450146997296911,网格止盈-2,1,2023-03-16 13:30:00,0.06824586555687771,grid,bullish,2023-03-16 14:45:00,range_bound,2.0
BTC/USDT-layer2,long,24431.4742,24924.9484,2.792198793948143e-06,0.06956812384858146,0.0013505910529662804,0.0013505910529662804,1.9790381991651804,2.146375551501943,网格止盈-2,1,2023-03-16 18:15:00,0.06824481980873343,grid,bullish,2023-03-16 19:15:00,range_bound,2.0
BTC/USDT-layer3,long,24929.08,25424.620000000003,2.681840869537873e-06,0.06815804267823641,0.0013022170942572082,0.0013022170942572082,1.947020180097604,1.6656345282637253,网格止盈-3,1,2023-03-16 09:45:00,0.06688256791421279,grid,bullish,2023-03-17 01:15:00,range_bound,3.0
BTC/USDT-layer4,long,25459.6648,26386.87,2.5712442656128957e-06,0.06782090296812437,0.0023578858466978886,0.0023578858466978886,3.6004192490826354,3.00813166810084,网格止盈-4,1,2023-03-17 01:30:00,0.06548920232827506,grid,bullish,2023-03-17 10:00:00,trending_up,4.0
BTC/USDT,long,26283.0,27317.12244807176,0.13357724663665868,3647.5416783405462,136.73090498924637,190.8856091290281,3.8044345996724136,2.3366298806719854,止损,1,2023-03-17 14:45:00,5017.450139515201,trend,bullish,2023-03-17 23:15:00,trending_up,
BTC/USDT,long,27266.14,26730.103856297643,0.18685348652867678,4992.575191493572,-102.19813168544374,-102.19813168544374,-2.005138644994492,-0.9999999999999974,止损,1,2023-03-17 23:30:00,5096.811232508287,trend,bullish,2023-03-18 16:30:00,range_bound,
BTC/USDT-layer2,long,26656.398999999998,27194.607999999997,2.3455415334756857e-06,0.06376107307419518,0.001237382086795453,0.001237382086795453,1.9782698563205032,1.815677221706382,网格止盈-2,1,2023-03-18 23:00:00,0.06254870046379468,grid,bullish,2023-03-19 03:45:00,range_bound,2.0
BTC/USDT-layer2,long,26656.5988,27195.0076,2.3455066567571486e-06,0.06376106206438849,0.001237832132483869,0.001237832132483869,1.979003962131255,2.9701129178575747,网格止盈-2,1,2023-03-19 07:15:00,0.06254823922387738,grid,bullish,2023-03-19 11:45:00,range_bound,2.0
BTC/USDT-layer3,long,27209.985999999997,27756.84,2.2510861345127885e-06,0.062458536853008,0.0012065146481209082,0.0012065146481209082,1.968967214164224,1.1033316701989155,网格止盈-3,1,2023-03-18 17:15:00,0.06127652301376905,grid,bullish,2023-03-19 16:30:00,trending_up,3.0
BTC/USDT,long,27607.88,28066.059706147513,0.12806836056107834,3592.9599756035855,57.26404543660166,95.74365795832517,1.8947829335097093,1.398821006934783,止损,1,2023-03-19 16:15:00,5053.014583627216,trend,bullish,2023-03-19 20:15:00,range_bound,
BTC/USDT,long,27881.99,27436.960705305923,0.18256795713907403,5007.073722890641,-83.2842323814498,-83.2842323814498,-1.6354632177177881,-1.0000000000000029,止损,1,2023-03-19 20:30:00,5092.3940984542,trend,bullish,2023-03-20 02:30:00,range_bound,
BTC/USDT-layer2,long,27375.9182,28376.0,2.2238800587031037e-06,0.06308046824232981,0.0021997096686624386,0.0021997096686624386,3.6116996373281904,2.6618574972674143,网格止盈-2,1,2023-03-20 03:00:00,0.06090511087709684,grid,bullish,2023-03-20 08:30:00,range_bound,2.0
BTC/USDT-layer2,long,27379.413200000003,28376.0,2.2233123354528974e-06,0.06306436163596942,0.002191374530947515,0.002191374530947515,3.598473536111648,2.3859430806120665,网格止盈-2,1,2023-03-20 16:15:00,0.06089733629986391,grid,bullish,2023-03-21 16:30:00,range_bound,2.0
BTC/USDT,long,28194.02,28590.179736507813,0.1254935045897952,3586.466585435203,48.30020716042529,63.61233613350141,1.2580197255384638,2.961712739161634,止损,1,2023-03-22 12:15:00,5056.5452068944105,trend,bullish,2023-03-22 15:30:00,trending_up,
BTC/USDT,long,28595.06,28306.754327106497,0.1776667514871688,5027.136929874858,-53.25448890582349,-53.25448890582349,-1.0478168164520814,-0.9999999999999992,止损,1,2023-03-22 15:45:00,5082.4235753481935,trend,bullish,2023-03-22 18:00:00,range_bound,
BTC/USDT,long,28470.0,28050.228449435737,0.17763157807101793,4980.5834763147595,-76.58755136712084,-76.58755136712084,-1.5138291383982507,-0.9999999999999986,止损,1,2023-03-22 18:15:00,5059.193896092953,trend,bullish,2023-03-22 18:30:00,range_bound,
BTC/USDT-layer1,long,26827.22,27365.620600000002,2.3157664778989105e-06,0.06334753660167139,0.0012219598304521744,0.0012219598304521744,1.9661326388220521,0.6593083777690976,网格止盈-1,1,2023-03-22 20:15:00,0.0621504270019277,grid,bullish,2023-03-22 20:45:00,range_bound,1.0
BTC/USDT-layer1,long,26827.22,27368.891,2.3157667551232273e-06,0.06335511766870795,0.0012295334603309993,0.0012295334603309993,1.9783183679548226,1.0002562948645266,网格止盈-1,1,2023-03-22 22:00:00,0.0621504344420603,grid,bullish,2023-03-23 00:15:00,range_bound,1.0
BTC/USDT-layer2,long,27375.5232,28376.0,2.2239442356654363e-06,0.06308228897643484,0.0022006519574694163,0.0022006519574694163,3.6131946451517045,1.282732224683678,网格止盈-2,1,2023-03-22 19:15:00,0.06090598967377301,grid,bullish,2023-03-23 15:00:00,range_bound,2.0
BTC/USDT-layer2,long,27379.8074,26550.926300000003,2.2232483157612583e-06,0.059004953334101135,-0.0018671573538165034,-0.0018671573538165034,-3.0661180767486718,-2.591651226246284,网格止损-2,1,2023-03-24 17:45:00,0.060896459532192804,grid,bullish,2023-03-27 15:00:00,range_bound,2.0
BTC/USDT-layer1,long,26827.22,27366.427600000003,2.315766480105883e-06,0.06334940548559231,0.0012238286551661739,0.0012238286551661739,1.9691395747962945,1.1392023173127586,网格止盈-1,1,2023-03-27 15:00:00,0.06215042706115831,grid,bullish,2023-03-28 18:45:00,range_bound,1.0
BTC/USDT-layer2,long,27370.588,28376.0,2.224732060542401e-06,0.06310464006009536,0.0022124154205982577,0.0022124154205982577,3.6318771753996018,2.1701984912501855,网格止盈-2,1,2023-03-27 16:15:00,0.060916581529352906,grid,bullish,2023-03-29 08:15:00,range_bound,2.0
BTC/USDT,long,28336.73,28960.0717920182,0.12411129498578444,3592.865249686281,75.9569937237533,105.31473907700666,2.0953302063698427,3.041122707089635,止损,1,2023-03-29 16:15:00,5026.164313235589,trend,bullish,2023-03-30 02:45:00,range_bound,
BTC/USDT,long,28388.92,27831.376271001027,0.17850424686130897,4965.991843255222,-101.5509405507295,-101.5509405507295,-2.0031471019949483,-0.9999999999999992,止损,1,2023-03-30 03:00:00,5069.569800919474,trend,bullish,2023-03-30 17:30:00,range_bound,
BTC/USDT,long,28488.66,28488.66,0.12344659345546175,3515.4212978992305,-1.40673121164435,15.504810310549724,0.30848899964793336,0.0,止损,1,2023-04-01 00:15:00,5026.049657603599,trend,bullish,2023-04-01 02:30:00,trending_up,
BTC/USDT,long,28583.36,28376.42247173259,0.17596629728591773,4991.282109362417,-38.42591382799256,-38.42591382799256,-0.7636735458808003,-0.9999999999999984,止损,1,2023-04-01 02:45:00,5031.719906399685,trend,bullish,2023-04-01 06:30:00,range_bound,
BTC/USDT,long,28482.71,28354.27580675931,0.1759918262143861,4988.115690558583,-24.608457876174235,-24.608457876174235,-0.490723560690722,-1.0000000000000078,止损,1,2023-04-01 06:45:00,5014.729238094131,trend,bullish,2023-04-01 07:15:00,range_bound,
BTC/USDT,long,28443.19,29290.420770573113,0.12309036085364823,3603.968029196666,102.88550826778757,139.57167895918573,2.789454697034348,5.00000000000001,止盈,1,2023-04-10 16:15:00,5003.547077053215,trend,bullish,2023-04-10 17:00:00,trending_up,
BTC/USDT,long,29100.67,30019.057010849367,0.121699205299375,3651.8787706919275,110.35035801256487,156.127847819917,3.0847075732827185,2.5064875031598204,止损,1,2023-04-10 17:15:00,5061.350034349192,trend,bullish,2023-04-11 02:45:00,range_bound,
BTC/USDT,long,30181.08,30348.191215024315,0.11884382610446967,3605.260425334278,18.42540216919011,31.506418239286795,0.6146275018316336,1.438154430990673,止损,1,2023-04-13 12:15:00,5126.09965310622,trend,bullish,2023-04-13 15:00:00,trending_up,
BTC/USDT,long,30406.73,30764.78338888727,0.11824669478906633,3636.3957535087534,40.90043166520653,64.96687610887454,1.2643217625151604,1.5079181977103673,止损,1,2023-04-13 15:15:00,5138.476457103263,trend,bullish,2023-04-14 07:30:00,range_bound,
BTC/USDT,long,30733.73,30535.45127082777,0.16798628274005167,5127.471812753369,-35.37324468303904,-35.37324468303904,-0.6848762775030756,-0.999999999999991,止损,1,2023-04-14 07:45:00,5164.9101954593825,trend,bullish,2023-04-14 14:30:00,range_bound,
BTC/USDT,short,29520.69,29520.69,0.12204947295235709,3601.543461827642,-1.4411938622759675,20.114576802134476,0.3906365215764787,0.0,止损,1,2023-04-17 12:15:00,5149.1797850745625,trend,bullish,2023-04-18 05:15:00,range_bound,
BTC/USDT,short,29545.77,29640.44945698984,0.1744650534624555,5136.124204376829,-18.580138262584654,-18.580138262584654,-0.360306002912344,-0.9999999999999964,止损,1,2023-04-18 05:30:00,5156.76622437647,trend,bullish,2023-04-18 06:15:00,range_bound,
BTC/USDT,short,29212.87,29212.87,0.12330949632705362,3600.783396253308,-1.4408897143870782,19.026981524960263,0.3695928011666971,0.0,止损,1,2023-04-19 20:15:00,5148.09310811726,trend,bullish,2023-04-19 22:00:00,trending_down,
BTC/USDT,short,29081.29,28297.81976253521,0.12403896267517675,3702.9509951800546,95.7379503240645,134.84517512388902,2.6157002611437234,2.7429900544400465,止损,1,2023-04-19 22:15:00,5155.222757248475,trend,bullish,2023-04-20 20:30:00,trending_down,
BTC/USDT,short,28204.57,27399.73797339691,0.12927874860531036,3748.840691181781,102.58917663090293,153.44271795340225,2.9445844686414158,2.7101401352789805,止损,1,2023-04-20 20:45:00,5211.014307366712,trend,bullish,2023-04-22 14:45:00,range_bound,
BTC/USDT,long,28659.99,29626.57777249947,0.1287771246038374,3813.7491969530934,122.99809357835973,146.9454510969859,2.7859014225824175,4.999999999999992,止盈,1,2023-04-26 08:15:00,5274.610576880119,trend,bearish,2023-04-26 12:15:00,trending_up,
BTC/USDT-layer1,short,30020.0,29423.9846,1.8493851829922255e-06,0.056598597825744425,0.0010800546323178142,0.0010800546323178142,1.9446165571080036,1.3260503585960084,网格止盈-1,1,2023-04-26 12:45:00,0.05554075061070398,grid,bearish,2023-04-26 19:15:00,range_bound,1.0
BTC/USDT-layer2,short,29427.0724,28834.144800000002,1.924652029515657e-06,0.05775539917621308,0.0011185245588489004,0.0011185245588489004,1.9741155130317596,1.5336032502482702,网格止盈-2,1,2023-04-26 14:30:00,0.05665952936721112,grid,bearish,2023-04-26 19:30:00,range_bound,2.0
BTC/USDT-layer3,short,28856.9152,28275.3728,2.0014582185276372e-06,0.05889674054026202,0.0011408304518669256,0.0011408304518669256,1.9744720503940303,1.0629337538564256,网格止盈-3,1,2023-04-26 19:30:00,0.05777901245243045,grid,bearish,2023-04-26 19:45:00,range_bound,3.0
BTC/USDT-layer4,short,28323.6572,27478.22,2.0775313274213322e-06,0.060576170094454096,0.0017328849543113178,0.0017328849543113178,2.9437378850533062,1.3272615810854302,网格止盈-4,1,2023-04-26 19:45:00,0.05886682245419884,grid,bearish,2023-04-26 20:00:00,range_bound,4.0
BTC/USDT-layer4,short,28305.6482,29162.824099999998,2.0801877773282164e-06,0.057074424159426124,-0.0018066392555663071,-0.0018066392555663071,-3.0670588879869927,-1.3162377977579174,网格止损-4,1,2023-04-27 00:15:00,0.05890461584035843,grid,bearish,2023-04-27 00:30:00,range_bound,4.0
BTC/USDT-layer2,short,29432.0462,28844.0924,1.924000933107773e-06,0.05773585709815452,0.0011085727460834313,0.0011085727460834313,1.9568826352259787,0.883385344264388,网格止盈-2,1,2023-04-27 00:30:00,0.05664993526581191,grid,bearish,2023-04-27 01:15:00,range_bound,2.0
BTC/USDT-layer2,short,29436.7266,28853.453200000004,1.9233892282511817e-06,0.057717497318957506,0.0010992144615424733,0.0010992144615424733,1.940671627800784,1.7980602019264542,网格止盈-2,1,2023-04-27 05:30:00,0.056640930170558,grid,bearish,2023-04-27 06:45:00,range_bound,2.0
BTC/USDT-layer2,short,29434.5184,28849.0368,1.9236780344254054e-06,0.057726165578850686,0.0011036290788802518,0.0011036290788802518,1.9483192946669288,1.4195768117318193,网格止盈-2,1,2023-04-27 15:30:00,0.05664518551457042,grid,bearish,2023-04-27 15:45:00,range_bound,2.0
BTC/USDT-layer3,short,28857.6528,29729.4132,2.00135532943134e-06,0.05598661313674158,-0.001767804089417659,-0.001767804089417659,-3.059674628172102,-1.214325641481852,网格止损-3,1,2023-04-27 01:15:00,0.057777518993049705,grid,bearish,2023-04-27 18:15:00,range_bound,3.0
BTC/USDT-layer2,short,29437.005400000002,28854.010800000004,1.9233532102825443e-06,0.05771641626914711,0.0010986574319525064,0.0010986574319525064,1.9397061403517841,1.3613796183873943,网格止盈-2,1,2023-04-27 16:00:00,0.05664040594072948,grid,bearish,2023-05-01 01:30:00,range_bound,2.0
BTC/USDT-layer4,long,29243.863400000002,28361.0417,1.94884267069415e-06,0.05524841157475621,-0.001743277275114699,-0.001743277275114699,-3.0576041492784065,-3.672179583296937,网格止损-4,1,2023-04-28 00:15:00,0.05701448552541086,grid,bullish,2023-05-01 05:30:00,range_bound,4.0
BTC/USDT-layer3,long,28625.304,27764.991,2.033977239026314e-06,0.056450070449051974,-0.0017731463471569254,-0.0017731463471569254,-3.0442106598332974,-2.4431212872418757,网格止损-3,1,2023-05-01 01:45:00,0.058246506082927384,grid,bullish,2023-05-01 20:15:00,range_bound,3.0
BTC/USDT-layer1,long,27478.22,28031.7818,2.2073380525506083e-06,0.06185135715968665,0.0011976365373294654,0.0011976365373294654,1.9737580184297627,1.7366289036337084,网格止盈-1,1,2023-05-01 21:00:00,0.06067798211060613,grid,bullish,2023-05-01 21:30:00,range_bound,1.0
BTC/USDT-layer2,long,28040.436400000002,28602.652800000003,2.119710918649709e-06,0.06060558039482636,0.0011679611940436216,0.0011679611940436216,1.9642344563318255,2.2587351531149964,网格止盈-2,1,2023-05-01 15:30:00,0.05946139424846305,grid,bullish,2023-05-02 14:30:00,range_bound,2.0
BTC/USDT-layer3,short,28873.2712,28299.9068,1.9991905496819697e-06,0.05884634634308008,0.001123175421635492,0.001123175421635492,1.9450184617039976,1.408775511738757,网格止盈-3,1,2023-05-02 15:45:00,0.057746260189813166,grid,bearish,2023-05-03 12:30:00,range_bound,3.0
BTC/USDT-layer3,short,28871.0876,28296.6314,1.9994931896733483e-06,0.05885307327711442,0.0011255302424517668,0.0011255302424517668,1.9489487187979964,1.7490694784935883,网格止盈-3,1,2023-05-03 17:45:00,0.05775063405187652,grid,bearish,2023-05-03 18:30:00,range_bound,3.0
BTC/USDT-layer4,short,28335.4994,29177.7497,2.075794472861789e-06,0.05704680705357624,-0.0017718659867223025,-0.0017718659867223025,-3.0112163912629257,-4.00758020266737,网格止损-4,1,2023-05-02 00:30:00,0.058842200509514664,grid,bearish,2023-05-03 22:15:00,range_bound,4.0
BTC/USDT-layer2,short,29436.4756,28852.951200000003,1.923422152422e-06,0.057718485508005124,0.0010997162497354451,0.0010997162497354451,1.9415408591899725,1.5861889132688973,网格止盈-2,1,2023-05-03 22:30:00,0.056641416765972986,grid,bearish,2023-05-04 13:15:00,range_bound,2.0
BTC/USDT-layer3,short,28875.4444,29733.861100000002,1.9988900783919482e-06,0.05597987115983426,-0.001738968160484088,-0.001738968160484088,-3.011621286590285,-2.19189890506789,网格止损-3,1,2023-05-03 21:15:00,0.05774192685604647,grid,bearish,2023-05-06 00:30:00,range_bound,3.0
BTC/USDT-layer4,long,29217.899,28348.059500000003,1.952296649535612e-06,0.055321004780156516,-0.0017210015440133964,-0.0017210015440133964,-3.0158711614549305,-6.266626608617789,网格止损-4,1,2023-05-04 08:15:00,0.05706482312669958,grid,bullish,2023-05-06 15:00:00,range_bound,4.0
BTC/USDT-layer4,long,29214.7832,28346.501600000003,1.9527235904416444e-06,0.055330063022274105,-0.001718333322004124,-0.001718333322004124,-3.010858102185722,-5.692725740767121,网格止损-4,1,2023-05-07 01:00:00,0.057071215702815946,grid,bullish,2023-05-08 01:30:00,range_bound,4.0
BTC/USDT-layer3,long,28625.978000000003,27765.1595,2.033881140014105e-06,0.056447745521826,-0.001774091246832698,-0.001774091246832698,-3.0459050976380295,-3.1632481590609474,网格止损-3,1,2023-05-06 14:15:00,0.05824512550336616,grid,bullish,2023-05-08 08:45:00,range_bound,3.0
BTC/USDT-layer4,short,28330.07,27478.22,2.076577553582392e-06,0.06057498820745571,0.0017454007540377904,0.0017454007540377904,2.9656894573162096,3.8334300132343073,网格止盈-4,1,2023-05-08 04:15:00,0.058853119288399286,grid,bearish,2023-05-08 18:00:00,trending_down,4.0
BTC/USDT,short,27619.31,27784.46482938816,0.19310159759405804,5299.307890886138,-34.024994559405414,-34.024994559405414,-0.6377136161183526,-1.0000000000000098,止损,1,2023-05-09 13:45:00,5335.466218599721,trend,bearish,2023-05-10 00:15:00,range_bound,
BTC/USDT,short,27773.45,27773.45,0.13403817211992342,3721.2133904755015,-1.4890809885856349,15.02235111831283,0.28236049716329986,0.0,止损,1,2023-05-10 00:30:00,5320.273646360961,trend,bearish,2023-05-10 12:15:00,range_bound,
BTC/USDT-layer2,long,28040.2722,27197.1939,2.119735057330742e-06,0.05762707019165203,-0.0018108778077845812,-0.0018108778077845812,-3.045451276856369,-2.60928655779012,网格止损-2,1,2023-05-08 01:45:00,0.059461723178636385,grid,bullish,2023-05-10 17:15:00,range_bound,2.0
BTC/USDT-layer4,short,28329.4832,27478.22,2.0766756604678317e-06,0.06057541334387026,0.001744265108797926,0.001744265108797926,2.9636812029546684,3.404811742582877,网格止盈-4,1,2023-05-10 13:00:00,0.05885468069436636,grid,bearish,2023-05-10 17:15:00,range_bound,4.0
BTC/USDT,short,27406.31,27555.45545862478,0.1942458626018015,5292.462013487994,-31.100313194384295,-31.100313194384295,-0.5839675791405801,-1.0000000000000018,止损,1,2023-05-11 08:15:00,5325.691751613052,trend,bearish,2023-05-11 12:30:00,trending_down,
BTC/USDT,short,27399.0,26949.798656677274,0.13565181523664724,3776.1723736630984,59.44828799420058,84.7981473269922,1.596431905452017,2.095303328320312,止损,1,2023-05-11 12:45:00,5311.729679004521,trend,bearish,2023-05-11 18:30:00,trending_down,
BTC/USDT,short,26963.74,26338.907736945333,0.13874300565636077,3826.225025411378,85.19469407473586,131.3339484194005,2.456462443561895,2.4924467494641482,止损,1,2023-05-11 18:45:00,5346.466776384538,trend,bearish,2023-05-12 07:00:00,range_bound,
BTC/USDT,short,26311.5,26537.31090982635,0.20517991964818647,5350.100154907074,-48.49130091618337,-48.49130091618337,-0.8978622025387384,-0.9999999999999922,止损,1,2023-05-12 07:15:00,5400.750892405587,trend,bearish,2023-05-12 13:45:00,range_bound,
BTC/USDT-layer1,short,27494.94,26950.284,2.204653365415224e-06,0.061793342961482096,0.0011765309585924362,0.0011765309585924362,1.9401557018911202,4.069382439930744,网格止盈-1,1,2023-05-15 03:45:00,0.060641058727690815,grid,bearish,2023-05-16 01:15:00,range_bound,1.0
BTC/USDT-layer1,short,27494.94,26950.507999999998,2.2046536194556413e-06,0.06179285623946807,0.001176037251752389,0.001176037251752389,1.9393413322804796,3.988937746055495,网格止盈-1,1,2023-05-16 07:30:00,0.06064106571531077,grid,bearish,2023-05-16 14:00:00,range_bound,1.0
BTC/USDT-layer1,short,27494.94,26948.9122,2.2046538733872115e-06,0.061796381543408246,0.0011795555738592777,0.0011795555738592777,1.9451429886406135,2.12347576066085,网格止盈-1,1,2023-05-17 19:00:00,0.060641072699936786,grid,bearish,2023-05-18 17:30:00,range_bound,1.0
BTC/USDT-layer1,short,27494.94,26950.184999999998,2.204654128094454e-06,0.06179358259907035,0.001176749626361013,0.001176749626361013,1.9405156241744048,4.127978317229987,网格止盈-1,1,2023-05-21 00:45:00,0.06064107970589842,grid,bearish,2023-05-21 10:45:00,range_bound,1.0
BTC/USDT-layer1,short,27494.94,26948.236399999998,2.2046543821830783e-06,0.06179788571037253,0.001181045751511722,0.001181045751511722,1.94759991267131,2.0329552516513405,网格止盈-1,1,2023-05-23 03:15:00,0.06064108669484435,grid,bearish,2023-05-24 03:15:00,range_bound,1.0
BTC/USDT-layer2,short,26958.940199999997,26120.74,2.2932052295308933e-06,0.06371981877822475,0.0018974361289741304,0.0018974361289741304,3.067946230334952,2.512489625115378,网格止盈-2,1,2023-05-12 21:30:00,0.06184711160231032,grid,bearish,2023-05-24 15:00:00,range_bound,2.0
BTC/USDT,long,27310.0,27514.6558228889,0.13782946547974068,3790.824655846912,26.701953595192975,51.83058856313932,0.9634889216127207,1.8536729972056665,止损,1,2023-05-28 16:00:00,5379.469073332313,trend,bullish,2023-05-28 18:15:00,trending_up,
BTC/USDT-layer2,short,26959.397999999997,27762.710999999996,2.293128379575314e-06,0.05995453226782414,-0.0018668283822418064,-0.0018668283822418064,-3.0185067585697514,-3.3143774979268645,网格止损-2,1,2023-05-26 14:15:00,0.06184608919432598,grid,bearish,2023-05-28 21:45:00,trending_up,2.0
BTC/USDT,long,27597.46,28100.782044461474,0.13692305460992793,3846.133423046411,67.40490037110892,101.23473469815767,1.874598280127319,1.7400898446240967,止损,1,2023-05-28 18:30:00,5400.342877263389,trend,bullish,2023-05-29 02:45:00,range_bound,
BTC/USDT,short,27095.96,27199.091936227942,0.20076038263821042,5416.914572451283,-22.880725098361168,-22.880725098361168,-0.42044921208848723,-1.0000000000000016,止损,1,2023-05-31 12:00:00,5441.971215668664,trend,bullish,2023-05-31 13:30:00,trending_down,
BTC/USDT,short,27206.05,27003.699487435963,0.13969282770482452,3827.236774444361,26.74671926551938,47.35146603174495,0.8718026526033661,1.4270203654193114,止损,1,2023-05-31 13:30:00,5431.443216001304,trend,bullish,2023-05-31 14:15:00,trending_down,
BTC/USDT,short,26897.35,27142.391513221555,0.20255701790393604,5396.4328285354,-51.8141769830338,-51.8141769830338,-0.9506444833858201,-1.0000000000000013,止损,1,2023-05-31 14:30:00,5450.426304320641,trend,bullish,2023-05-31 22:15:00,range_bound,
BTC/USDT,short,27149.98,27232.52460579494,0.19983697025517635,5406.904053857388,-18.665691831244366,-18.665691831244366,-0.34389436343814367,-0.9999999999999953,止损,1,2023-05-31 22:15:00,5427.7399735869085,trend,bullish,2023-05-31 23:30:00,range_bound,
BTC/USDT,short,26831.4,26758.29147735239,0.14131849480763448,3800.587938735102,8.814877153537445,15.290944956866142,0.2821735779898361,1.3215097529552455,止损,1,2023-06-05 08:00:00,5418.985386865996,trend,bearish,2023-06-05 10:45:00,range_bound,
BTC/USDT,short,26716.8,26814.472128794172,0.20295584915668566,5400.3387685786765,-21.992062170662233,-21.992062170662233,-0.4054210181800915,-0.9999999999999865,止损,1,2023-06-05 11:00:00,5424.499763081639,trend,bearish,2023-06-05 14:00:00,range_bound,
BTC/USDT-layer2,short,26319.4478,27101.4311,2.4059972187911912e-06,0.061417738754696014,-0.0019067794522239253,-0.0019067794522239253,-3.0099195372914473,-3.205262474597094,网格止损-2,1,2023-06-06 15:45:00,0.06334984801420271,grid,bearish,2023-06-06 19:45:00,range_bound,2.0
BTC/USDT-layer1,short,26840.77,26306.7614,2.3134279327942457e-06,0.06330473979247588,0.0012105527367700694,0.0012105527367700694,1.9487632686144687,1.2755237357321378,网格止盈-1,1,2023-06-06 17:15:00,0.062119024730528084,grid,bearish,2023-06-07 15:00:00,range_bound,1.0
BTC/USDT-layer2,short,26683.1262,26144.252399999998,2.340843962933839e-06,0.06369746994503399,0.0012364350675622311,0.0012364350675622311,1.9787387348132008,3.308897067799462,网格止盈-2,1,2023-06-07 02:45:00,0.062486019291422744,grid,bearish,2023-06-07 21:45:00,range_bound,2.0
BTC/USDT-layer2,short,26692.7804,26163.5608,2.3391511905255464e-06,0.06365139832886599,0.0012129492777690155,0.0012129492777690155,1.9418552358018462,3.8271150614981524,网格止盈-2,1,2023-06-08 01:00:00,0.06246342443071741,grid,bearish,2023-06-10 04:15:00,range_bound,2.0
BTC/USDT-layer3,short,26166.6896,25470.77,2.4341557095633147e-06,0.06536229603919196,0.0016684991489809365,0.0016684991489809365,2.6185156131441,1.595551205323695,网格止盈-3,1,2023-06-07 15:30:00,0.0637192744089671,grid,bearish,2023-06-10 05:45:00,range_bound,3.0
BTC/USDT-layer3,short,26176.4196,25470.77,2.4323622932235575e-06,0.06536146327150372,0.0016909272648656325,0.0016909272648656325,2.654683422523179,1.7892953223548038,网格止盈-3,1,2023-06-10 17:30:00,0.06369600422104073,grid,bearish,2023-06-10 18:15:00,range_bound,3.0
BTC/USDT-layer3,short,26184.4144,25470.77,2.430877189830716e-06,0.06536041714936776,0.0017093214553328161,0.0017093214553328161,2.6843811273038116,4.742085460817388,网格止盈-3,1,2023-06-11 16:30:00,0.06367655613231256,grid,bearish,2023-06-14 20:00:00,range_bound,3.0
BTC/USDT-layer2,short,25590.2006,26351.8997,2.545079594756732e-06,0.06316446089708778,-0.0019646364757036883,-0.0019646364757036883,-3.0153203630148586,-3.5809686668044414,网格止损-2,1,2023-06-15 18:45:00,0.06515514901174059,grid,bearish,2023-06-16 18:00:00,range_bound,2.0
BTC/USDT,long,26256.81,26323.0672371411,0.14428745339364019,3796.5729258569972,8.044676716331132,14.004404595926395,0.2586535696005562,1.4028529636087659,止损,1,2023-06-17 04:00:00,5414.348086343318,trend,bullish,2023-06-17 04:45:00,trending_up,
BTC/USDT-layer2,short,25994.0306,26779.984699999997,2.466599487200653e-06,0.06215258182319553,-0.0019642807250425435,-0.0019642807250425435,-3.062369630819896,-7.816381343635589,网格止损-2,1,2023-06-17 01:45:00,0.06414250929325738,grid,bearish,2023-06-17 05:30:00,trending_up,2.0
BTC/USDT,long,26358.5,26764.638579318762,0.20551836471000207,5498.457890549342,81.30207434075197,81.30207434075197,1.5002257507709282,4.999999999999986,止盈,1,2023-06-17 05:00:00,5419.322678535073,trend,bullish,2023-06-17 05:30:00,trending_up,
BTC/USDT,long,26722.13,26427.12345389801,0.20396549995283245,5388.04129054743,-62.351314707152795,-62.351314707152795,-1.1435210023843811,-0.9999999999999963,止损,1,2023-06-17 05:30:00,5452.572762296685,trend,bullish,2023-06-17 12:00:00,range_bound,
BTC/USDT-layer1,short,26098.0,26873.2003,2.4469858971754464e-06,0.06193898916772083,-0.0019224487767639702,-0.0019224487767639702,-3.009140048479039,-2.100480830635646,网格止损-1,1,2023-06-16 15:45:00,0.0638869825196626,grid,bearish,2023-06-19 18:00:00,range_bound,1.0
BTC/USDT,long,26812.17,27056.497087509077,0.14158878490565766,3829.3780253954824,33.07545441155513,54.68605752673916,1.0079527008059819,2.2000109031098276,止损,1,2023-06-20 00:00:00,5425.458702874744,trend,bullish,2023-06-20 01:00:00,trending_up,
BTC/USDT,long,27139.79,26878.021125661147,0.20064069834969575,5390.646790343062,-54.69962832102696,-54.69962832102696,-1.0041189855383679,-0.9999999999999987,止损,1,2023-06-20 01:15:00,5447.524557231555,trend,bullish,2023-06-20 02:00:00,trending_up,
BTC/USDT,long,26930.0,26731.65699612232,0.2013166638162244,5379.359421636352,-42.098334934571106,-42.098334934571106,-0.7762027156373942,-0.9999999999999997,止损,1,2023-06-20 02:00:00,5423.626339673551,trend,bullish,2023-06-20 09:30:00,range_bound,
BTC/USDT,long,26796.84,26692.352722690328,0.20162323807565738,5379.637441546016,-23.228209449283394,-23.228209449283394,-0.42975197571780943,-1.0000000000000044,止损,1,2023-06-20 09:30:00,5405.026797255697,trend,bullish,2023-06-20 14:15:00,range_bound,
BTC/USDT,long,28413.99,28791.76082498318,0.1328409521196447,3823.215104597805,48.673619479741745,86.40430629251534,1.6017529840586902,1.4891692803373777,止损,1,2023-06-21 00:45:00,5394.359002445872,trend,bullish,2023-06-21 06:15:00,range_bound,
BTC/USDT,long,28948.72,30144.565392302255,0.13124277094802678,3954.736567018461,155.42633881989846,182.96991297782904,3.3697624122152083,4.999999999999994,止盈,1,2023-06-21 13:00:00,5429.757074699774,trend,bullish,2023-06-21 16:15:00,trending_up,
BTC/USDT,long,30652.0,30043.669452481554,0.1795485309043319,5392.095304540704,-111.4262647388767,-111.4262647388767,-2.0238262111260354,-1.0000000000000022,止损,1,2023-06-21 16:30:00,5505.722977907293,trend,bullish,2023-06-21 17:00:00,trending_up,
BTC/USDT,long,29943.44,29603.9954715285,0.18220344577862843,5391.767664548818,-64.03028191679533,-64.03028191679533,-1.1731497513803837,-1.0000000000000047,止损,1,2023-06-21 21:15:00,5457.9802656442,trend,bullish,2023-06-22 14:30:00,range_bound,
BTC/USDT-layer3,long,29990.8704,30800.0,1.852978379116418e-06,0.057049505103016845,0.0014770706809342832,0.0014770706809342832,2.6568569548071146,2.113479520770415,网格止盈-3,1,2023-06-22 15:00:00,0.055594663395851396,grid,bullish,2023-06-23 15:15:00,range_bound,3.0
BTC/USDT-layer3,long,30007.3996,30800.0,1.8509378307978112e-06,0.05698666845612318,0.0014448373326160734,0.0014448373326160734,2.6003097117072,2.6455132372297556,网格止盈-3,1,2023-06-26 01:15:00,0.05556404785595651,grid,bullish,2023-06-27 14:00:00,range_bound,3.0
BTC/USDT-layer3,long,30009.2188,30800.0,1.8507136881067708e-06,0.05697976620488752,0.00144129420233648,0.00144129420233648,2.5940899402206017,4.628249890890553,网格止盈-3,1,2023-06-28 07:45:00,0.05556068739135206,grid,bullish,2023-06-29 13:15:00,range_bound,3.0
BTC/USDT,long,30793.09,30581.642381085163,0.17627294480695355,5388.544964085414,-39.44368992013907,-39.44368992013907,-0.7263817459077113,-1.0000000000000022,止损,1,2023-06-30 08:15:00,5430.159849467155,trend,bullish,2023-06-30 13:30:00,range_bound,
BTC/USDT,long,30135.63,30135.63,0.1256770567431859,3785.842338589054,-1.5149429126006622,71.32294122858494,1.3177023637351037,0.0,止损,1,2023-06-30 13:45:00,5412.67460630608,trend,bullish,2023-07-06 14:15:00,range_bound,
BTC/USDT,short,30292.3,30023.67076773865,0.1256982781168669,3839.9331061665944,32.24315596702754,55.39317376953795,1.0179326115968157,1.5710442767045802,止损,1,2023-07-06 20:15:00,5441.732894542352,trend,bearish,2023-07-07 00:30:00,range_bound,
BTC/USDT,short,30052.59,30325.308566094867,0.1817450129625708,5410.158356435137,-51.75000267368888,-51.75000267368888,-0.9470922532605326,-0.9999999999999979,止损,1,2023-07-07 00:45:00,5464.093122452469,trend,bearish,2023-07-07 12:30:00,range_bound,
BTC/USDT-layer2,short,30888.2652,29850.45,1.746874253407935e-06,0.05574926469690758,0.0017913494865912818,0.0017913494865912818,3.3185737927762053,7.040360140054704,网格止盈-2,1,2023-07-10 19:30:00,0.053979498376400425,grid,bearish,2023-07-17 18:30:00,range_bound,2.0
BTC/USDT,short,29900.01,29900.01,0.12734039320278095,3805.956038555015,-1.5229916120668328,18.99973168273774,0.3491678949465141,0.0,止损,1,2023-07-18 16:15:00,5441.431459684498,trend,bearish,2023-07-18 18:15:00,trending_down,
BTC/USDT,short,29863.51,30058.627481047424,0.18237380166367104,5408.559004191509,-37.76284552954675,-37.76284552954675,-0.6930869579973075,-1.000000000000001,止损,1,2023-07-18 18:30:00,5448.500378460945,trend,bearish,2023-07-19 00:45:00,range_bound,
BTC/USDT,short,30025.99,30159.66281472943,0.18082822489875916,5403.202836134139,-26.343636393754156,-26.343636393754156,-0.4849963672975611,-0.9999999999999938,止损,1,2023-07-19 01:00:00,5431.718291116905,trend,bearish,2023-07-19 04:15:00,range_bound,
BTC/USDT,short,29729.04,29892.46494142006,0.18223158169369516,5385.62176787938,-31.948213555751124,-31.948213555751124,-0.5894790374547101,-1.0,止损,1,2023-07-20 20:15:00,5419.737009427705,trend,bearish,2023-07-21 01:15:00,range_bound,
BTC/USDT,short,29862.03,29972.57459610243,0.18094019663046468,5381.078322397632,-22.163257587203038,-22.163257587203038,-0.4100204571814402,-1.0000000000000024,止损,1,2023-07-21 01:30:00,5405.4028766168285,trend,bearish,2023-07-21 18:00:00,range_bound,
BTC/USDT-layer1,long,29850.45,28947.6951,1.8704433931037436e-06,0.05412269161458315,-0.0017108853690905,-0.0017108853690905,-3.0630337172829742,-2.0605175960459636,网格止损-1,1,2023-07-14 19:00:00,0.055855910414467115,grid,bullish,2023-07-24 15:00:00,range_bound,1.0
BTC/USDT,short,28958.4,28836.887854262975,0.13036347612606156,3789.4483856839365,14.330698634995725,25.117902327484366,0.46556168272482623,1.6338762131848925,止损,1,2023-08-01 08:15:00,5395.182477319658,trend,bearish,2023-08-01 15:30:00,range_bound,
BTC/USDT,short,28953.99,29139.065351582172,0.18659496525160862,5365.9735616448415,-36.69519630058256,-36.69519630058256,-0.6789334259480936,-1.0000000000000073,止损,1,2023-08-01 15:45:00,5404.829825448602,trend,bearish,2023-08-01 18:15:00,range_bound,
BTC/USDT,long,29617.99,29903.231013360022,0.12730250732759013,3805.2481074412835,34.80371843779186,52.27123031017683,0.9700509370021646,1.8349139673083121,止损,1,2023-08-08 16:15:00,5388.503666798704,trend,bullish,2023-08-08 21:30:00,range_bound,
BTC/USDT,long,29854.97,29636.93157165565,0.18112220970996648,5365.743576026451,-41.654561198307256,-41.654561198307256,-0.7700173906052116,-1.000000000000006,止损,1,2023-08-08 21:45:00,5409.561096479648,trend,bullish,2023-08-09 02:30:00,range_bound,
BTC/USDT,long,29789.99,30026.136265991165,0.12662966134074197,3800.6905481954145,28.39420315132412,36.10562412492548,0.6697202193061158,3.5292252159274398,止损,1,2023-08-09 08:15:00,5391.150376545868,trend,bullish,2023-08-09 13:00:00,range_bound,
BTC/USDT,long,29964.91,29810.46204873028,0.18031937321500624,5373.242530360917,-30.01125928315567,-30.01125928315567,-0.5552073018820771,-0.9999999999999944,止损,1,2023-08-09 13:15:00,5405.41509115993,trend,bullish,2023-08-09 14:00:00,range_bound,
BTC/USDT,short,28584.0,28447.683854086186,0.13199058633766939,3789.302240334447,16.483320458505187,24.250385705897234,0.44975608322186816,2.144061368247861,止损,1,2023-08-17 08:15:00,5391.897210634132,trend,bearish,2023-08-17 14:00:00,trending_down,
BTC/USDT,short,28383.98,27922.9466421047,0.1331495688657805,3839.1893666515607,59.874666956624246,82.22247583447604,1.5223056180206105,3.1740928648153437,止损,1,2023-08-17 14:15:00,5401.18060796402,trend,bearish,2023-08-17 16:30:00,range_bound,
BTC/USDT,short,27937.36,26236.815490240777,0.1944581522336666,5761.159088084079,328.51168419733034,328.51168419733034,6.044572887788875,4.999999999999995,止盈,1,2023-08-17 16:45:00,5434.820462848303,trend,bearish,2023-08-17 21:30:00,trending_down,
BTC/USDT-layer6,short,26078.999,26864.5793,2.450568489953684e-06,0.0619576915201457,-0.0019506816787879392,-0.0019506816787879392,-3.0510895841943206,-0.7528007060024311,网格止损-6,1,2023-08-17 22:15:00,0.06393393654821321,grid,bearish,2023-08-17 22:45:00,range_bound,6.0
BTC/USDT-layer4,short,27086.5958,26549.594399999998,2.271626969629812e-06,0.06272589614109667,0.0011952546063550723,0.0011952546063550723,1.9417588796018053,0.5651432807490142,网格止盈-4,1,2023-08-17 23:15:00,0.06155525379135549,grid,bearish,2023-08-17 23:30:00,range_bound,4.0
BTC/USDT-layer5,short,26579.8392,26050.398999999998,2.359072050019467e-06,0.0639276618264082,0.0012239060756764261,0.0012239060756764261,1.9511059494686667,0.55356123273653,网格止盈-5,1,2023-08-17 22:30:00,0.06272883725303208,grid,bearish,2023-08-18 14:45:00,range_bound,5.0
BTC/USDT-layer5,short,26590.3664,26063.557999999997,2.3572045849460314e-06,0.06389565719590559,0.001216723602430697,0.001216723602430697,1.9404240593434035,2.4210521883809415,网格止盈-5,1,2023-08-23 16:30:00,0.0627040051669123,grid,bearish,2023-08-24 15:00:00,range_bound,5.0
BTC/USDT-layer6,short,26076.837,26863.0659,2.450959282188704e-06,0.06196068536861371,-0.0019525803266581276,-0.0019525803266581276,-3.0538255017687064,-2.8569515478573195,网格止损-6,1,2023-08-18 04:30:00,0.06393883100154994,grid,bearish,2023-08-29 14:15:00,range_bound,6.0
BTC/USDT-layer4,short,27080.5376,27889.0688,2.27265807270355e-06,0.0596826695101234,-0.0018621328796686082,-0.0018621328796686082,-3.024444391826673,-1.5682564954446607,网格止损-4,1,2023-08-29 14:30:00,0.061569420310747934,grid,bearish,2023-08-29 16:15:00,range_bound,4.0
BTC/USDT-layer3,short,27595.681999999997,27044.722999999998,2.1885865499736283e-06,0.06157720170415125,0.001181663241601898,0.001181663241601898,1.95575831487656,0.9672500567035632,网格止盈-3,1,2023-08-29 14:45:00,0.06041969667793437,grid,bearish,2023-08-30 14:45:00,range_bound,3.0
BTC/USDT-layer6,long,27936.231,27105.1617,2.1355528860078955e-06,0.05786064257465118,-0.0017986561615820531,-0.0017986561615820531,-3.0136743556715433,-4.776804359755847,网格止损-6,1,2023-08-30 00:15:00,0.059683162455727724,grid,bullish,2023-08-30 14:45:00,range_bound,6.0
BTC/USDT-layer5,long,27375.7792,26547.112,2.223875070588565e-06,0.05901310844776222,-0.001867204453054755,-0.001867204453054755,-3.0657823210395256,-4.221189597360279,网格止损-5,1,2023-08-30 01:00:00,0.0609046650259773,grid,bullish,2023-08-31 16:30:00,range_bound,5.0
BTC/USDT-layer4,long,26780.9426,25973.471299999997,2.3237756149442354e-06,0.0603316260818503,-0.0019012752772509642,-0.0019012752772509642,-3.05387508812416,-3.7122609683538754,网格止损-4,1,2023-08-31 15:45:00,0.0622577945196449,grid,bullish,2023-08-31 19:00:00,range_bound,4.0
BTC/USDT-layer3,long,26215.3692,25428.3423,2.4251232183834633e-06,0.06164143311652219,-0.0019340674088925277,-0.0019340674088925277,-3.040941990670099,-2.282193691837177,网格止损-3,1,2023-08-31 17:00:00,0.06360093072562488,grid,bullish,2023-09-01 17:15:00,range_bound,3.0
BTC/USDT-layer5,short,26588.139199999998,26060.773999999998,2.357597369411006e-06,0.06390236819287838,0.001218241157424728,0.001218241157424728,1.9426832810699513,2.381189451296591,网格止盈-5,1,2023-09-07 22:45:00,0.06270920068626783,grid,bearish,2023-09-08 09:45:00,range_bound,5.0
BTC/USDT-layer6,short,26088.286999999997,25166.0,2.4488066579181232e-06,0.06611811937703042,0.0022329484777516124,0.0022329484777516124,3.493855653933319,12.64607775270084,网格止盈-6,1,2023-09-01 04:15:00,0.06391072496763853,grid,bearish,2023-09-11 14:30:00,range_bound,6.0
BTC/USDT,short,25099.61,25289.947496999783,0.22190422984603242,5525.245046952621,-44.464579533152474,-44.464579533152474,-0.7980093001880817,-0.9999999999999913,止损,1,2023-09-11 20:15:00,5571.937510336368,trend,bearish,2023-09-12 03:00:00,range_bound,
BTC/USDT,short,25869.14,26125.84659043938,0.21454516044463018,5492.803595714843,-57.29519614975705,-57.29519614975705,-1.0319147349018991,-0.9999999999999991,止损,1,2023-09-12 03:15:00,5552.318831381346,trend,bearish,2023-09-12 10:15:00,range_bound,
BTC/USDT-layer2,long,25684.7,26203.4,2.5263684027299798e-06,0.06617348619828932,0.001284471684690603,0.001284471684690603,1.9786987228492203,3.7279473496205586,网格止盈-2,1,2023-09-13 08:15:00,0.06491497011940416,grid,bullish,2023-09-13 09:45:00,range_bound,2.0
BTC/USDT-layer3,long,26204.1016,26723.152400000003,2.427192980372668e-06,0.06483680695412482,0.001234395493632623,0.001234395493632623,1.940023820678466,4.111712496805895,网格止盈-3,1,2023-09-13 08:30:00,0.06362785242507639,grid,bullish,2023-09-14 13:15:00,range_bound,3.0
BTC/USDT-layer3,long,26225.2576,26754.8864,2.423279739729664e-06,0.0648091536977242,0.0012580182864528223,0.0012580182864528223,1.9787455758306625,5.096936148302912,网格止盈-3,1,2023-09-15 01:00:00,0.0635765558654359,grid,bullish,2023-09-15 22:30:00,range_bound,3.0
BTC/USDT-layer6,short,26110.684999999998,26886.759499999996,2.4446231397478797e-06,0.06190804275090133,-0.0019227419947665302,-0.0019227419947665302,-3.011044299615601,-3.016835196091623,网格止损-6,1,2023-09-12 10:30:00,0.06385631705956613,grid,bearish,2023-09-15 23:00:00,range_bound,6.0
BTC/USDT-layer3,long,26225.2504,26754.8756,2.4232963712781853e-06,0.06480957233382718,0.001258018203645407,0.001258018203645407,1.9787324083222753,6.586629337607103,网格止盈-3,1,2023-09-16 06:30:00,0.06357697475183385,grid,bullish,2023-09-18 07:30:00,range_bound,3.0
BTC/USDT-layer4,long,26757.32,27287.76,2.3278647400694586e-06,0.06349729937077107,0.0012098776040157385,0.0012098776040157385,1.9416341408477393,2.715015649601499,网格止盈-4,1,2023-09-14 01:00:00,0.06231233673546203,grid,bullish,2023-09-18 12:00:00,range_bound,4.0
BTC/USDT-layer4,long,26780.2988,27318.398400000002,2.3238877378716767e-06,0.06345999729685409,0.0012255892989945134,0.0012255892989945134,1.9685240025629098,2.1276929236200814,网格止盈-4,1,2023-09-18 17:30:00,0.06225930176105872,grid,bullish,2023-09-19 09:30:00,range_bound,4.0
BTC/USDT-layer4,long,26784.1262,27323.5016,2.3232239061197575e-06,0.0634537219071045,0.001228199614735961,0.001228199614735961,1.9729983551684878,2.1043651558131247,网格止盈-4,1,2023-09-19 14:00:00,0.062250412501285476,grid,bullish,2023-09-19 15:15:00,range_bound,4.0
BTC/USDT-layer4,long,26787.7076,27328.276800000003,2.3226030172650174e-06,0.06344785126813463,0.0012306407707615913,0.0012306407707615913,1.977183967977832,3.279263442672009,网格止盈-4,1,2023-09-19 21:30:00,0.06224209738157199,grid,bullish,2023-09-20 01:30:00,range_bound,4.0
BTC/USDT-layer5,long,27332.6176,26520.136000000002,2.230917046234791e-06,0.05913983274985613,-0.0018369697722009379,-0.0018369697722009379,-3.01136694962889,-4.272009886757989,网格止损-5,1,2023-09-18 10:45:00,0.06100119324306589,grid,bullish,2023-09-21 13:15:00,range_bound,5.0
BTC/USDT-layer5,short,26573.32,26042.25,2.36021522111343e-06,0.06394710633525882,0.0012283519957409013,0.0012283519957409013,1.9577251881526745,7.095745451134614,网格止盈-5,1,2023-09-22 20:15:00,0.06274384184125374,grid,bearish,2023-09-25 00:15:00,range_bound,5.0
BTC/USDT-layer3,long,26222.547599999998,26750.821399999997,2.4237969697589444e-06,0.06481313659531782,0.0012550051830781442,0.0012550051830781442,1.9737889611459984,2.874421648716961,网格止盈-3,1,2023-09-21 13:45:00,0.06358355466480457,grid,bullish,2023-09-27 11:45:00,range_bound,3.0
BTC/USDT-layer3,long,26225.172,26754.757999999998,2.423281783486296e-06,0.06480889729035368,0.0012579157139588138,0.0012579157139588138,1.9785890283185157,4.609026731032127,网格止盈-3,1,2023-09-28 13:00:00,0.06357640196902542,grid,bullish,2023-09-28 14:30:00,range_bound,3.0
BTC/USDT-layer6,short,26073.150999999998,26860.485699999997,2.451621814230943e-06,0.06196569022941341,-0.001955815527923909,-0.001955815527923909,-3.058491021691382,-4.938639585891635,网格止损-6,1,2023-09-24 23:30:00,0.06394707435964025,grid,bearish,2023-09-28 14:45:00,range_bound,6.0
BTC/USDT-layer4,long,26787.5,27328.0,2.3226392972641978e-06,0.0634481996355658,0.001230499460101113,0.001230499460101113,1.9769413746400646,3.800334711880616,网格止盈-4,1,2023-09-20 06:00:00,0.06224258725553488,grid,bullish,2023-10-01 22:15:00,range_bound,4.0
BTC/USDT-layer5,short,26588.316,27379.2975,2.357538823068445e-06,0.060793144420548985,-0.0018898427894629222,-0.0018898427894629222,-3.013715903921298,-5.228240514343276,网格止损-5,1,2023-09-25 16:15:00,0.0627080604048959,grid,bearish,2023-10-01 22:15:00,range_bound,5.0
BTC/USDT-layer5,long,27373.6176,27925.522,2.2242406112502193e-06,0.06208872591798435,0.0012032139752305828,0.0012032139752305828,1.975400786986228,1.6940448655624925,网格止盈-5,1,2023-10-02 21:45:00,0.06090986614753087,grid,bullish,2023-10-05 13:15:00,range_bound,5.0
BTC/USDT-layer5,long,27372.6208,27924.276,2.224402872098604e-06,0.06209048464114437,0.0012027483167583778,0.0012027483167583778,1.9745641443939557,1.9913734960053149,网格止盈-5,1,2023-10-05 15:45:00,0.060912091418915744,grid,bullish,2023-10-06 15:30:00,range_bound,5.0
BTC/USDT-layer6,long,27953.169,27117.018300000003,2.1329793363526323e-06,0.05781619028465116,-0.0018073415779218144,-0.0018073415779218144,-3.030043464237867,-2.69740068461355,网格止损-6,1,2023-10-01 22:30:00,0.059647381275318004,grid,bullish,2023-10-11 02:30:00,range_bound,6.0
BTC/USDT-layer3,short,27600.6268,27052.140199999998,2.187790464148948e-06,0.061560208115520335,0.0011758199979464493,0.0011758199979464493,1.946446581051273,2.771461448747734,网格止盈-3,1,2023-10-10 16:15:00,0.060408541872820916,grid,bearish,2023-10-11 02:30:00,range_bound,3.0
BTC/USDT-layer5,long,27369.4376,26543.1485,2.2249205823278183e-06,0.05903203948741657,-0.0018627855555603235,-0.0018627855555603235,-3.057797995068499,-5.0539218781273965,网格止损-5,1,2023-10-09 10:00:00,0.06091918297299408,grid,bullish,2023-10-11 17:45:00,range_bound,5.0
BTC/USDT-layer5,short,26567.0192,27365.986999999997,2.3613502283034693e-06,0.06082230044158422,-0.0019117364116784223,-0.0019117364116784223,-3.046148659840132,-4.124879420117748,网格止损-5,1,2023-10-11 18:00:00,0.06275913046800395,grid,bearish,2023-10-16 05:15:00,range_bound,5.0
BTC/USDT-layer4,short,27068.5526,27883.0763,2.274657995104564e-06,0.05969430806125628,-0.0018773915262421542,-0.0018773915262421542,-3.0478951896192763,-5.512247543745669,网格止损-4,1,2023-10-11 02:45:00,0.06159632826733343,grid,bearish,2023-10-16 05:30:00,range_bound,4.0
BTC/USDT-layer6,long,27992.999,28697.6,2.1269129496879654e-06,0.06101348159613587,0.0014748095224336067,0.0014748095224336067,2.4760710696988446,4.340728051847065,网格止盈-6,1,2023-10-17 04:00:00,0.059562487542531746,grid,bullish,2023-10-18 04:45:00,range_bound,6.0
BTC/USDT-layer6,long,27992.758,28697.6,2.126949881224279e-06,0.061014541234100564,0.0014753479308605808,0.0014753479308605808,2.476953324070765,3.301881524811697,网格止盈-6,1,2023-10-18 10:00:00,0.05956300898056128,grid,bullish,2023-10-19 14:45:00,range_bound,6.0
BTC/USDT,long,28730.0,28471.92015632478,0.19231125627861712,5473.260692970145,-51.841699914524405,-51.841699914524405,-0.9379187540967577,-1.0000000000000009,止损,1,2023-10-19 16:15:00,5527.312433841824,trend,bullish,2023-10-19 17:30:00,trending_up,
BTC/USDT,long,28547.24,29142.862669241804,0.13492304205951244,3930.5030134714248,78.82255026842955,111.45510105881675,2.0247623481726293,2.5428266698007347,止损,1,2023-10-19 17:45:00,5504.601621983253,trend,bullish,2023-10-20 05:30:00,range_bound,
BTC/USDT,long,29221.75,29832.186105382745,0.13290789157379246,3963.3794358311693,79.57825523469945,105.01462130960738,1.8919826006234486,2.732906133080684,止损,1,2023-10-20 05:45:00,5550.50671581244,trend,bullish,2023-10-20 11:00:00,range_bound,
BTC/USDT,long,29766.62,30067.602878932805,0.1314903405446488,3952.0337327118727,38.01073204871817,49.36436047664047,0.8824995620480582,2.8546456440641945,止损,1,2023-10-21 12:15:00,5593.6980140906,trend,bullish,2023-10-21 18:00:00,trending_up,
BTC/USDT,long,30092.52,29813.500117210016,0.18646677298540704,5556.982656218047,-54.27243918077435,-54.27243918077435,-0.96682004227014,-0.9999999999999939,止损,1,2023-10-21 18:15:00,5613.49959743698,trend,bullish,2023-10-22 07:30:00,range_bound,
BTC/USDT,long,29816.27,30241.854989336774,0.13117880224658576,3965.5258101817076,54.263224120899665,90.19160779008666,1.613516876243793,1.8510669079028792,止损,1,2023-10-22 07:45:00,5589.752987278903,trend,bullish,2023-10-23 02:00:00,range_bound,
BTC/USDT,long,30809.97,31487.10361840753,0.1277872658310487,4022.0760316045644,84.95420496792826,115.49751628693593,2.052665337406717,2.473621179558476,止损,1,2023-10-23 16:15:00,5626.709536238987,trend,bullish,2023-10-23 21:00:00,trending_up,
BTC/USDT,long,31551.49,33677.45432707703,0.17977039435982803,6051.940435893758,379.9166359535878,379.9166359535878,6.695400856138314,4.999999999999993,止盈,1,2023-10-23 21:15:00,5674.292609460147,trend,bullish,2023-10-23 22:30:00,trending_up,
BTC/USDT-layer5,long,33022.376000000004,33689.205,1.5283825221058914e-06,0.051469803776715686,0.0009989814599066225,0.0009989814599066225,1.978533301533332,0.6303046959749722,网格止盈-5,1,2023-10-24 00:30:00,0.05049101064573579,grid,bullish,2023-10-24 00:45:00,range_bound,5.0
BTC/USDT-layer6,long,33710.072,34741.91,1.4666522260927757e-06,0.050934523259358655,0.0014935711188109034,0.0014935711188109034,3.0197111192257613,1.043151901754736,网格止盈-6,1,2023-10-24 00:45:00,0.04946072852140397,grid,bullish,2023-10-24 02:15:00,range_bound,6.0
BTC/USDT-layer6,long,33761.22,34741.91,1.462219211737916e-06,0.05078054173267134,0.0014142372369609758,0.0014142372369609758,2.8636370145480794,1.2630838872686538,网格止盈-6,1,2023-10-24 04:00:00,0.04938605101750865,grid,bullish,2023-10-24 11:00:00,range_bound,6.0
BTC/USDT-layer6,long,33717.088,34741.91,1.4660494885434332e-06,0.05091358701867496,0.001482667401101029,0.001482667401101029,2.9982743245294694,1.4981332267173133,网格止盈-6,1,2023-10-24 15:30:00,0.049450691985420965,grid,bullish,2023-10-25 14:30:00,trending_up,6.0
BTC/USDT,long,34370.01,34882.227190991856,0.11875018718148758,4140.638430189087,59.19330925948663,89.90780747003201,1.541373196125454,1.8494015899276235,止损,1,2023-10-25 12:15:00,5832.968141397103,trend,bullish,2023-10-25 16:15:00,range_bound,
BTC/USDT,long,34633.54,34098.652317155356,0.16941431974180743,5774.45301937554,-92.96459997513736,-92.96459997513736,-1.5837875370769983,-1.0000000000000044,止损,1,2023-10-25 16:30:00,5869.764586398418,trend,bullish,2023-10-26 11:30:00,range_bound,
BTC/USDT-layer6,long,33765.326,34741.91,1.4618636098381537e-06,0.05076818984473076,0.0014078884910086985,0.0014078884910086985,2.8511283808810535,3.684671633369588,网格止盈-6,1,2023-10-26 12:00:00,0.049380045474263556,grid,bullish,2023-10-29 17:45:00,range_bound,6.0
BTC/USDT,long,35692.18,36208.53166198908,0.11428751992287241,4136.551615404396,57.38088256364893,98.69793344097839,1.6930139373934907,1.3940964882283327,止损,1,2023-11-09 00:15:00,5829.717715905548,trend,bullish,2023-11-09 03:45:00,trending_up,
BTC/USDT,long,36532.53,37563.05037768811,0.11243411350347973,4221.725268652076,114.22264406279803,171.36440657180663,2.919222036128435,2.6497918405819623,止损,1,2023-11-09 04:00:00,5870.208036627305,trend,bullish,2023-11-09 15:15:00,range_bound,
BTC/USDT-layer3,long,36873.3608,35760.840200000006,1.2258104059798777e-06,0.0438179301439947,-0.0013818192280958088,-0.0013818192280958088,-3.0559167707689476,-1.464625925321783,网格止损-3,1,2023-11-09 16:00:00,0.045217829271839344,grid,bullish,2023-11-09 16:30:00,range_bound,3.0
BTC/USDT-layer2,long,36115.4638,36840.927599999995,1.2777982700041362e-06,0.047056814241762016,0.000908537077725009,0.000908537077725009,1.967947373145841,0.8433786738966665,网格止盈-2,1,2023-11-09 16:45:00,0.046166736474902624,grid,bullish,2023-11-10 02:45:00,range_bound,2.0
BTC/USDT-layer2,long,36118.7996,36847.5992,1.2775565893742507e-06,0.04705643563640966,0.000912625207141609,0.000912625207141609,1.9769938688066673,3.9200494464572007,网格止盈-2,1,2023-11-10 08:00:00,0.04616226795343976,grid,bullish,2023-11-10 11:00:00,range_bound,2.0
BTC/USDT-layer3,long,36855.0108,35756.2527,1.2270255279778244e-06,0.0438557460320918,-0.0013662930534066094,-0.0013662930534066094,-3.020091049239504,-1.5118810118361639,网格止损-3,1,2023-11-09 18:00:00,0.04524012790113261,grid,bullish,2023-11-14 18:30:00,trending_down,3.0
BTC/USDT-layer2,long,36119.0278,35025.4861,1.2775405604554922e-06,0.04472802173321256,-0.0014155012855069414,-0.0014155012855069414,-3.0663790253041094,-3.608150346374231,网格止损-2,1,2023-11-13 21:45:00,0.04616198042792699,grid,bullish,2023-11-14 18:45:00,trending_down,2.0
BTC/USDT,short,36288.8,35497.34376546234,0.11455858831596685,4246.198931143092,89.0052314626331,123.33767840266108,2.0759642291106197,2.2203329667205516,止损,1,2023-11-14 16:15:00,5941.223681657615,trend,bullish,2023-11-14 21:30:00,range_bound,
BTC/USDT,short,35575.99,35945.87321150463,0.1683622083557436,5924.982025622879,-64.6702152189711,-64.6702152189711,-1.079267290931984,-0.9999999999999921,止损,1,2023-11-14 21:45:00,5992.048101738186,trend,bullish,2023-11-15 09:30:00,range_bound,
BTC/USDT-layer1,long,35390.0,36101.5198,1.3307225569752006e-06,0.0480222690304303,0.0009279977390779449,0.0009279977390779449,1.9697229895834878,3.9789707515354835,网格止盈-1,1,2023-11-15 09:45:00,0.04711310899986889,grid,bullish,2023-11-15 11:15:00,range_bound,1.0
BTC/USDT-layer2,long,36105.6514,36821.302800000005,1.2784867409379413e-06,0.047057083175225965,0.0008964865873985472,0.0008964865873985472,1.9413270243140646,4.215631181737112,网格止盈-2,1,2023-11-15 10:00:00,0.046179060826462545,grid,bullish,2023-11-15 18:00:00,range_bound,2.0
BTC/USDT-layer3,long,36849.6416,37733.0,1.227383106219533e-06,0.0462947552959536,0.0010661277258690797,0.0010661277258690797,2.356254218944835,2.0938581924866866,网格止盈-3,1,2023-11-15 18:00:00,0.045246719021112554,grid,bullish,2023-11-15 19:00:00,range_bound,3.0
BTC/USDT-layer3,long,36879.8992,35762.474799999996,1.2253757991365306e-06,0.043804394442768325,-0.0013873415115063725,-0.0013873415115063725,-3.0686734366451813,-4.104434021924294,网格止损-3,1,2023-11-16 12:00:00,0.04520981264865641,grid,bullish,2023-11-16 19:15:00,range_bound,3.0
BTC/USDT-layer2,long,36118.12,36846.240000000005,1.2776047359474203e-06,0.04705647285338908,0.0009117916878718322,0.0009117916878718322,1.9751509686583524,1.5738035926427405,网格止盈-2,1,2023-11-16 16:00:00,0.046163139037983456,grid,bullish,2023-11-19 18:45:00,range_bound,2.0
BTC/USDT-layer3,long,36852.48,37733.0,1.227194062550758e-06,0.04628762350436924,0.0010624788580986813,0.0010624788580986813,2.3483706791674543,3.4747452140522843,网格止盈-3,1,2023-11-17 02:00:00,0.04524323470412907,grid,bullish,2023-11-20 17:45:00,range_bound,3.0
BTC/USDT-layer2,long,36118.1608,36846.321599999996,1.2776018491808889e-06,0.047056470760062884,0.0009118417329701954,0.0009118417329701954,1.9752616097058633,2.0009134164151745,网格止盈-2,1,2023-11-21 15:15:00,0.046163086878703526,grid,bullish,2023-11-21 15:45:00,range_bound,2.0
BTC/USDT-layer3,long,36877.7408,35761.9352,1.2255192422253483e-06,0.04380886197443193,-0.0013855189857668792,-0.0013855189857668792,-3.064462816708708,-9.003211721148205,网格止损-3,1,2023-11-21 11:30:00,0.045212458712582886,grid,bullish,2023-11-21 23:45:00,range_bound,3.0
BTC/USDT-layer1,long,35390.0,36104.833,1.3307166700917755e-06,0.04802646551879783,0.0009324025642498934,0.0009324025642498934,1.9790812129513804,1.4595541184358671,网格止盈-1,1,2023-11-22 00:00:00,0.04711290057972975,grid,bullish,2023-11-22 00:15:00,range_bound,1.0
BTC/USDT-layer2,long,36119.0,36848.0,1.277542595612876e-06,0.04705643213873888,0.00091287112779741,0.00091287112779741,1.977537288747393,1.9475432185384425,网格止盈-2,1,2023-11-21 22:45:00,0.04616201843534585,grid,bullish,2023-11-22 18:15:00,range_bound,2.0
BTC/USDT-layer3,long,36851.914,37733.0,1.2272319813348204e-06,0.0462890540127331,0.001063206578532695,0.001063206578532695,2.3499426240549037,5.134424096026467,网格止盈-3,1,2023-11-22 06:45:00,0.045243937773174085,grid,bullish,2023-11-22 21:15:00,range_bound,3.0
BTC/USDT-layer3,long,36879.52,37733.0,1.2254009982113504e-06,0.04621997898526026,0.001027778363704805,0.001027778363704805,2.2733290315764867,4.317289320616647,网格止盈-3,1,2023-11-23 14:00:00,0.04521027750180408,grid,bullish,2023-11-24 10:15:00,trending_up,3.0
BTC/USDT,long,37497.74,37853.332241048825,0.11128775073408143,4210.942987239324,37.90384502793074,51.11008755859634,0.8569954646912437,2.7452427484267345,止损,1,2023-11-24 08:15:00,5963.869082668969,trend,bullish,2023-11-24 11:45:00,trending_up,
BTC/USDT,long,37855.06,37486.1256748302,0.15802244656999354,5921.256511888416,-60.69268436548306,-60.69268436548306,-1.014191445100808,-1.0000000000000004,止损,1,2023-11-24 12:00:00,5984.341975932401,trend,bullish,2023-11-26 12:15:00,range_bound,
BTC/USDT,long,37525.11,37383.453083789784,0.15870581861999672,5930.589343184557,-24.863958170868923,-24.863958170868923,-0.41733207039985687,-0.9999999999999777,止损,1,2023-11-26 12:30:00,5957.835482675968,trend,bullish,2023-11-26 13:30:00,range_bound,
BTC/USDT,long,38793.55,39223.37018160256,0.1072551222030034,4205.243039263046,44.43609332472371,85.61896119053162,1.4398483248113743,1.623026034375192,止损,1,2023-12-01 16:15:00,5946.38752673814,trend,bullish,2023-12-02 19:15:00,trending_up,
BTC/USDT,long,39248.76,39792.04412105588,0.10663470399985682,4241.5387344360515,56.258829474631185,101.29860907641626,1.6935706976212672,1.3150084232075725,止损,1,2023-12-02 19:30:00,5981.36288131915,trend,bullish,2023-12-03 23:30:00,trending_up,
BTC/USDT,long,39972.26,40469.19999876844,0.1054320813735789,4265.066243966191,50.70767496033775,87.16086661820736,1.4471528786548578,1.4944664871719118,止损,1,2023-12-03 23:45:00,6022.920446333508,trend,bullish,2023-12-04 02:15:00,trending_up,
BTC/USDT,long,40652.01,41417.066072525995,0.10428207243755015,4317.361773985336,78.08592243332241,116.64328893814863,1.925273514926982,2.131123475198532,止损,1,2023-12-04 02:30:00,6058.530802703764,trend,bullish,2023-12-04 06:45:00,range_bound,
BTC/USDT,long,41505.45,41505.45,0.10294688481047115,4271.147637444706,-1.7091427120627076,37.90839905566042,0.6207853573387635,0.0,止损,1,2023-12-04 12:00:00,6106.522746955474,trend,bullish,2023-12-05 07:15:00,range_bound,
BTC/USDT,long,41810.79,42262.14429052673,0.102444464922573,4327.809444719769,44.52543517970253,61.3183814245272,1.0017011391194228,2.4559362678123113,止损,1,2023-12-05 12:15:00,6121.424747348403,trend,bullish,2023-12-05 15:45:00,trending_up,
BTC/USDT,long,42304.0,43449.90194131985,0.10165922896097944,4415.363292975953,114.7712710106791,159.8242479374805,2.600391762082736,3.016822214991373,止损,1,2023-12-05 16:00:00,6146.160369677229,trend,bullish,2023-12-05 17:30:00,trending_up,
BTC/USDT,long,43377.87,42560.85839650492,0.14315587488667128,6090.353000907163,-119.4439296631291,-119.4439296631291,-1.922706531784868,-1.0000000000000029,止损,1,2023-12-05 17:45:00,6212.28084934252,trend,bullish,2023-12-11 02:00:00,range_bound,
BTC/USDT-layer2,long,42258.6012,40991.6994,9.332940881179878e-07,0.03824153483086083,-0.0011981678412348754,-0.0011981678412348754,-3.036759114758667,-1.2421613000706058,网格止损-2,1,2023-12-11 02:30:00,0.039455478553164544,grid,bullish,2023-12-11 18:00:00,trending_down,2.0
BTC/USDT-layer1,long,41414.0,42250.0688,9.71745812356013e-07,0.041040229875724275,0.000796348802812353,0.000796348802812353,1.9780159602745102,2.1318223760268604,网格止盈-1,1,2023-12-11 16:00:00,0.040259978625341086,grid,bullish,2023-12-13 19:00:00,range_bound,1.0
BTC/USDT-layer2,long,41035.9944,42550.0,9.897306612888526e-07,0.04209679380509102,0.0014822119309333597,0.0014822119309333597,3.6479983662291495,2.624994898193735,网格止盈-2,1,2023-12-11 20:45:00,0.040630827706907326,grid,bullish,2023-12-13 19:30:00,range_bound,2.0
BTC/USDT-layer2,long,41640.2402,42480.4804,9.612151213527743e-07,0.04081687003139536,0.0007916414943936789,0.0007916414943936789,1.9770654492987303,2.253572424982898,网格止盈-2,1,2023-12-15 15:30:00,0.04004123862841648,grid,bullish,2023-12-16 12:30:00,range_bound,2.0
BTC/USDT-layer3,long,42514.5392,41228.6348,9.220910295618724e-07,0.03800087340007353,-0.001201401822203052,-0.001201401822203052,-3.0633973329669986,-3.1707496002493873,网格止损-3,1,2023-12-13 23:45:00,0.03921795613236549,grid,bullish,2023-12-18 00:00:00,range_bound,3.0
BTC/USDT-layer1,long,40800.0,41619.8222,1.0012134272467633e-06,0.04165398502313026,0.0008044771914623165,0.0008044771914623165,1.9685807049729183,2.2859777468704676,网格止盈-1,1,2023-12-18 01:45:00,0.04086584763480061,grid,bullish,2023-12-18 14:30:00,range_bound,1.0
BTC/USDT-layer2,long,41640.121,42480.242,9.612206991107352e-07,0.04081687777514575,0.000791531556470139,0.000791531556470139,1.9767850754349892,3.620851786620019,网格止盈-2,1,2023-12-17 02:00:00,0.04004135635716308,grid,bullish,2023-12-18 21:00:00,range_bound,2.0
BTC/USDT-layer3,long,42497.4388,43475.2,9.228332530147893e-07,0.04010467302159152,0.0008866233289905977,0.0008866233289905977,2.2598493000258015,2.4008317403450365,网格止盈-3,1,2023-12-18 21:15:00,0.039233736912477966,grid,bullish,2023-12-19 02:00:00,range_bound,3.0
